100,NEM12,202111221357,MDYMDP,EEQ
200,3053093594,B1E1K1Q1,B1,B1,N1,217457997,kWh,30,
300,20211001,0,0,0,0,0,0,0,0,0,0,0,0,0,0,0,0,0,0,0,0,0,0,0,0,0,0,0,0,0,0,0,0,0,0,0,0,0,0,0,0,0,0,0,0,0,0,0,0,A,,,20211002004855,
300,20211002,0,0,0,0,0,0,0,0,0,0,0,0,0,0,0,0,0,0,0,0,0,0,0,0,0,0,0,0,0,0,0,0,0,0,0,0,0,0,0,0,0,0,0,0,0,0,0,0,A,,,20211003010127,
300,20211003,0,0,0,0,0,0,0,0,0,0,0,0,0,0,0,0,0,0,0,0,0,0,0,0,0,0,0,0,0,0,0,0,0,0,0,0,0,0,0,0,0,0,0,0,0,0,0,0,A,,,20211004010110,
300,20211004,0,0,0,0,0,0,0,0,0,0,0,0,0,0,0,0,0,0,0,0,0,0,0,0,0,0,0,0,0,0,0,0,0,0,0,0,0,0,0,0,0,0,0,0,0,0,0,0,A,,,20211005004847,
300,20211005,0,0,0,0,0,0,0,0,0,0,0,0,0,0,0,0,0,0,0,0,0,0,0,0,0,0,0,0,0,0,0,0,0,0,0,0,0,0,0,0,0,0,0,0,0,0,0,0,A,,,20211006005319,
300,20211006,0,0,0,0,0,0,0,0,0,0,0,0,0,0,0,0,0,0,0,0,0,0,0,0,0,0,0,0,0,0,0,0,0,0,0,0,0,0,0,0,0,0,0,0,0,0,0,0,A,,,20211007004954,
300,20211007,0,0,0,0,0,0,0,0,0,0,0,0,0,0,0,0,0,0,0,0,0,0,0,0,0,0,0,0,0,0,0,0,0,0,0,0,0,0,0,0,0,0,0,0,0,0,0,0,A,,,20211008004812,
300,20211008,0,0,0,0,0,0,0,0,0,0,0,0,0,0,0,0,0,0,0,0,0,0,0,0,0,0,0,0,0,0,0,0,0,0,0,0,0,0,0,0,0,0,0,0,0,0,0,0,A,,,20211009004236,
300,20211009,0,0,0,0,0,0,0,0,0,0,0,0,0,0,0,0,0,0,0,0,0,0,0,0,0,0,0,0,0,0,0,0,0,0,0,0,0,0,0,0,0,0,0,0,0,0,0,0,A,,,20211010005153,
300,20211010,0,0,0,0,0,0,0,0,0,0,0,0,0,0,0,0,0,0,0,0,0,0,0,0,0,0,0,0,0,0,0,0,0,0,0,0,0,0,0,0,0,0,0,0,0,0,0,0,A,,,20211011005044,
300,20211011,0,0,0,0,0,0,0,0,0,0,0,0,0,0,0,0,0,0,0,0,0,0,0,0,0,0,0,0,0,0,0,0,0,0,0,0,0,0,0,0,0,0,0,0,0,0,0,0,A,,,20211012004845,
300,20211012,0,0,0,0,0,0,0,0,0,0,0,0,0,0,0,0,0,0,0,0,0,0,0,0,0,0,0,0,0,0,0,0,0,0,0,0,0,0,0,0,0,0,0,0,0,0,0,0,A,,,20211013004909,
300,20211013,0,0,0,0,0,0,0,0,0,0,0,0,0,0,0,0,0,0,0,0,0,0,0,0,0,0,0,0,0,0,0,0,0,0,0,0,0,0,0,0,0,0,0,0,0,0,0,0,A,,,20211014004736,
300,20211014,0,0,0,0,0,0,0,0,0,0,0,0,0,0,0,0,0,0,0,0,0,0,0,0,0,0,0,0,0,0,0,0,0,0,0,0,0,0,0,0,0,0,0,0,0,0,0,0,A,,,20211015005016,
300,20211015,0,0,0,0,0,0,0,0,0,0,0,0,0,0,0,0,0,0,0,0,0,0,0,0,0,0,0,0,0,0,0,0,0,0,0,0,0,0,0,0,0,0,0,0,0,0,0,0,A,,,20211016004747,
300,20211016,0,0,0,0,0,0,0,0,0,0,0,0,0,0,0,0,0,0,0,0,0,0,0,0,0,0,0,0,0,0,0,0,0,0,0,0,0,0,0,0,0,0,0,0,0,0,0,0,A,,,20211017005259,
300,20211017,0,0,0,0,0,0,0,0,0,0,0,0,0,0,0,0,0,0,0,0,0,0,0,0,0,0,0,0,0,0,0,0,0,0,0,0,0,0,0,0,0,0,0,0,0,0,0,0,A,,,20211018005522,
300,20211018,0,0,0,0,0,0,0,0,0,0,0,0,0,0,0,0,0,0,0,0,0,0,0,0,0,0,0,0,0,0,0,0,0,0,0,0,0,0,0,0,0,0,0,0,0,0,0,0,A,,,20211019005001,
300,20211019,0,0,0,0,0,0,0,0,0,0,0,0,0,0,0,0,0,0,0,0,0,0,0,0,0,0,0,0,0,0,0,0,0,0,0,0,0,0,0,0,0,0,0,0,0,0,0,0,A,,,20211020004744,
300,20211020,0,0,0,0,0,0,0,0,0,0,0,0,0,0,0,0,0,0,0,0,0,0,0,0,0,0,0,0,0,0,0,0,0,0,0,0,0,0,0,0,0,0,0,0,0,0,0,0,A,,,20211021005146,
300,20211021,0,0,0,0,0,0,0,0,0,0,0,0,0,0,0,0,0,0,0,0,0,0,0,0,0,0,0,0,0,0,0,0,0,0,0,0,0,0,0,0,0,0,0,0,0,0,0,0,A,,,20211022005100,
300,20211022,0,0,0,0,0,0,0,0,0,0,0,0,0,0,0,0,0,0,0,0,0,0,0,0,0,0,0,0,0,0,0,0,0,0,0,0,0,0,0,0,0,0,0,0,0,0,0,0,A,,,20211023005155,
300,20211023,0,0,0,0,0,0,0,0,0,0,0,0,0,0,0,0,0,0,0,0,0,0,0,0,0,0,0,0,0,0,0,0,0,0,0,0,0,0,0,0,0,0,0,0,0,0,0,0,A,,,20211024005718,
300,20211024,0,0,0,0,0,0,0,0,0,0,0,0,0,0,0,0,0,0,0,0,0,0,0,0,0,0,0,0,0,0,0,0,0,0,0,0,0,0,0,0,0,0,0,0,0,0,0,0,A,,,20211025005052,
300,20211025,0,0,0,0,0,0,0,0,0,0,0,0,0,0,0,0,0,0,0,0,0,0,0,0,0,0,0,0,0,0,0,0,0,0,0,0,0,0,0,0,0,0,0,0,0,0,0,0,A,,,20211026005038,
300,20211026,0,0,0,0,0,0,0,0,0,0,0,0,0,0,0,0,0,0,0,0,0,0,0,0,0,0,0,0,0,0,0,0,0,0,0,0,0,0,0,0,0,0,0,0,0,0,0,0,A,,,20211027004559,
300,20211027,0,0,0,0,0,0,0,0,0,0,0,0,0,0,0,0,0,0,0,0,0,0,0,0,0,0,0,0,0,0,0,0,0,0,0,0,0,0,0,0,0,0,0,0,0,0,0,0,A,,,20211028005204,
300,20211028,0,0,0,0,0,0,0,0,0,0,0,0,0,0,0,0,0,0,0,0,0,0,0,0,0,0,0,0,0,0,0,0,0,0,0,0,0,0,0,0,0,0,0,0,0,0,0,0,A,,,20211029004419,
300,20211029,0,0,0,0,0,0,0,0,0,0,0,0,0,0,0,0,0,0,0,0,0,0,0,0,0,0,0,0,0,0,0,0,0,0,0,0,0,0,0,0,0,0,0,0,0,0,0,0,A,,,20211030004510,
300,20211030,0,0,0,0,0,0,0,0,0,0,0,0,0,0,0,0,0,0,0,0,0,0,0,0,0,0,0,0,0,0,0,0,0,0,0,0,0,0,0,0,0,0,0,0,0,0,0,0,V,,,20211031004513,
400,1,21,A,,
400,22,24,A,79,Power Outage Alarm 
400,25,48,A,,
300,20211031,0,0,0,0,0,0,0,0,0,0,0,0,0,0,0,0,0,0,0,0,0,0,0,0,0,0,0,0,0,0,0,0,0,0,0,0,0,0,0,0,0,0,0,0,0,0,0,0,A,,,20211101005204,
300,20211101,0,0,0,0,0,0,0,0,0,0,0,0,0,0,0,0,0,0,0,0,0,0,0,0,0,0,0,0,0,0,0,0,0,0,0,0,0,0,0,0,0,0,0,0,0,0,0,0,A,,,20211102005003,
300,20211102,0,0,0,0,0,0,0,0,0,0,0,0,0,0,0,0,0,0,0,0,0,0,0,0,0,0,0,0,0,0,0,0,0,0,0,0,0,0,0,0,0,0,0,0,0,0,0,0,A,,,20211103005147,
300,20211103,0,0,0,0,0,0,0,0,0,0,0,0,0,0,0,0,0,0,0,0,0,0,0,0,0,0,0,0,0,0,0,0,0,0,0,0,0,0,0,0,0,0,0,0,0,0,0,0,A,,,20211104005612,
300,20211104,0,0,0,0,0,0,0,0,0,0,0,0,0,0,0,0,0,0,0,0,0,0,0,0,0,0,0,0,0,0,0,0,0,0,0,0,0,0,0,0,0,0,0,0,0,0,0,0,A,,,20211105004446,
300,20211105,0,0,0,0,0,0,0,0,0,0,0,0,0,0,0,0,0,0,0,0,0,0,0,0,0,0,0,0,0,0,0,0,0,0,0,0,0,0,0,0,0,0,0,0,0,0,0,0,A,,,20211106004820,
300,20211106,0,0,0,0,0,0,0,0,0,0,0,0,0,0,0,0,0,0,0,0,0,0,0,0,0,0,0,0,0,0,0,0,0,0,0,0,0,0,0,0,0,0,0,0,0,0,0,0,A,,,20211107004723,
300,20211107,0,0,0,0,0,0,0,0,0,0,0,0,0,0,0,0,0,0,0,0,0,0,0,0,0,0,0,0,0,0,0,0,0,0,0,0,0,0,0,0,0,0,0,0,0,0,0,0,A,,,20211108004652,
300,20211108,0,0,0,0,0,0,0,0,0,0,0,0,0,0,0,0,0,0,0,0,0,0,0,0,0,0,0,0,0,0,0,0,0,0,0,0,0,0,0,0,0,0,0,0,0,0,0,0,A,,,20211109005011,
300,20211109,0,0,0,0,0,0,0,0,0,0,0,0,0,0,0,0,0,0,0,0,0,0,0,0,0,0,0,0,0,0,0,0,0,0,0,0,0,0,0,0,0,0,0,0,0,0,0,0,A,,,20211110005039,
300,20211110,0,0,0,0,0,0,0,0,0,0,0,0,0,0,0,0,0,0,0,0,0,0,0,0,0,0,0,0,0,0,0,0,0,0,0,0,0,0,0,0,0,0,0,0,0,0,0,0,A,,,20211111004136,
300,20211111,0,0,0,0,0,0,0,0,0,0,0,0,0,0,0,0,0,0,0,0,0,0,0,0,0,0,0,0,0,0,0,0,0,0,0,0,0,0,0,0,0,0,0,0,0,0,0,0,A,,,20211112005125,
300,20211112,0,0,0,0,0,0,0,0,0,0,0,0,0,0,0,0,0,0,0,0,0,0,0,0,0,0,0,0,0,0,0,0,0,0,0,0,0,0,0,0,0,0,0,0,0,0,0,0,A,,,20211113004706,
300,20211113,0,0,0,0,0,0,0,0,0,0,0,0,0,0,0,0,0,0,0,0,0,0,0,0,0,0,0,0,0,0,0,0,0,0,0,0,0,0,0,0,0,0,0,0,0,0,0,0,A,,,20211114005020,
300,20211114,0,0,0,0,0,0,0,0,0,0,0,0,0,0,0,0,0,0,0,0,0,0,0,0,0,0,0,0,0,0,0,0,0,0,0,0,0,0,0,0,0,0,0,0,0,0,0,0,A,,,20211115004905,
300,20211115,0,0,0,0,0,0,0,0,0,0,0,0,0,0,0,0,0,0,0,0,0,0,0,0,0,0,0,0,0,0,0,0,0,0,0,0,0,0,0,0,0,0,0,0,0,0,0,0,A,,,20211116005641,
300,20211116,0,0,0,0,0,0,0,0,0,0,0,0,0,0,0,0,0,0,0,0,0,0,0,0,0,0,0,0,0,0,0,0,0,0,0,0,0,0,0,0,0,0,0,0,0,0,0,0,A,,,20211117004937,
300,20211117,0,0,0,0,0,0,0,0,0,0,0,0,0,0,0,0,0,0,0,0,0,0,0,0,0,0,0,0,0,0,0,0,0,0,0,0,0,0,0,0,0,0,0,0,0,0,0,0,A,,,20211118005215,
300,20211118,0,0,0,0,0,0,0,0,0,0,0,0,0,0,0,0,0,0,0,0,0,0,0,0,0,0,0,0,0,0,0,0,0,0,0,0,0,0,0,0,0,0,0,0,0,0,0,0,A,,,20211119004142,
300,20211119,0,0,0,0,0,0,0,0,0,0,0,0,0,0,0,0,0,0,0,0,0,0,0,0,0,0,0,0,0,0,0,0,0,0,0,0,0,0,0,0,0,0,0,0,0,0,0,0,A,,,20211120005119,
300,20211120,0,0,0,0,0,0,0,0,0,0,0,0,0,0,0,0,0,0,0,0,0,0,0,0,0,0,0,0,0,0,0,0,0,0,0,0,0,0,0,0,0,0,0,0,0,0,0,0,A,,,20211121005104,
300,20211121,0,0,0,0,0,0,0,0,0,0,0,0,0,0,0,0,0,0,0,0,0,0,0,0,0,0,0,0,0,0,0,0,0,0,0,0,0,0,0,0,0,0,0,0,0,0,0,0,A,,,20211122004635,
200,3053093594,B1E1K1Q1,E1,E1,N1,217457997,kWh,30,
300,20211001,195.3,195.7,200.1,239.1,201.1,200.1,194.7,197.2,197.7,197.4,197.1,200.2,199.7,199,211.1,230.5,204.6,200.3,200.9,206.9,204.7,204.9,201.1,198.4,198.2,227.2,231.8,212.9,212,210.5,211.3,210,214.7,240.5,215.1,210.8,207.4,200.2,200,202.2,202,197.7,199.1,223.5,227.5,200.4,200,195.8,A,,,20211002004855,
300,20211002,199.4,198,198.6,197.5,198.8,195.9,196,195.7,200.2,199.5,194.8,196.5,195,197,200.2,199.1,205.7,245,206.4,201.9,192.8,193.7,195.4,188.6,193.4,229.6,201.6,194.5,197.9,195.9,200.5,204.9,235,202.4,196.8,204.3,200.6,204.6,203.2,204.6,202.6,202.9,245,212.9,207.1,201.8,201.7,197.9,A,,,20211003010127,
300,20211003,201.6,201,202.5,200.7,198,238.2,205.8,198.3,201.8,203.4,196.2,197.7,198,195.1,193.6,191.2,214.6,231.5,197.2,197.7,199.3,195.8,197.8,194,198,218.2,226.8,198.3,195.9,199.1,198.8,222.4,214.7,199.9,200.3,206.9,206.5,204.2,205.2,208.6,207.1,244.7,224,208.6,210.9,204.6,201.4,198.7,A,,,20211004010110,
300,20211004,204.2,203.4,239.2,208.5,200.8,200.9,203.5,202,201.9,214.7,234.4,199.6,205.3,208.7,204.1,199.8,199.4,206.9,204.1,206.6,229.4,237.8,207.2,201,203.3,207.2,207.1,201.3,210.4,246.8,212,209.6,207,211.1,230.5,209,209.1,206.5,203.4,202.4,203.4,206.3,212.3,254.5,241.4,235.1,234.9,234.6,A,,,20211005004847,
300,20211005,239.9,238.3,237.2,230.9,237.8,239.4,237.7,235.7,238.1,235.4,231.2,231.4,241.7,241,236.4,231.8,235.3,242.2,206.8,104.3,254.9,254.7,251,253,254.8,255.3,256.9,250,258.2,263.4,261.1,258.5,259.1,263.6,255.1,258.2,257.8,254.1,244.1,241.3,243.9,244.2,244,249.9,246.2,241.9,242.1,243.5,A,,,20211006005319,
300,20211006,249.8,241.6,237.3,236.4,239,239,237.2,239.3,241.5,236.7,238.5,237,246.7,244,239.6,236.5,224.5,212.5,206.3,214,211,215,214.8,274.3,253.7,255,247.8,209.3,247,221.4,217.2,211.5,215.4,215.6,209.9,245.6,209.8,209.4,208.5,207.1,207.3,207.1,203.3,213.1,206.4,243.7,209.7,202.5,A,,,20211007004954,
300,20211007,207.9,206.9,201.6,203.4,205.2,206,204.1,204.3,208.8,241.1,202.6,205.4,208.7,204,196.4,194.2,196.8,206,207.8,211.6,252.8,212.5,206.2,207.2,205.7,214.3,243.9,219.5,207.2,209.7,212.3,209,239.7,218.6,202.6,210.1,210.8,198.6,195.2,197.5,192.6,196,191,228.3,201.2,187.9,185.4,189,A,,,20211008004812,
300,20211008,188.6,188.1,187.1,184.5,188.9,190,188.5,197.6,218.6,188.2,185,187.9,189.4,194.7,185.2,181.8,187.2,192.9,193.8,224.6,214.1,202.7,200,198,195.9,196.9,201,194.7,194.1,199.6,198,215,229.8,198.4,192.9,200.7,196.5,188.5,183.3,186.5,193.2,189.8,210.4,212.5,185.9,183.8,184.4,184,A,,,20211009004236,
300,20211009,185.2,182.2,183.5,182.5,181,195.4,214.4,179.7,179.3,184.1,182.9,180.7,183.1,174.4,175.6,175.5,176.8,175.5,201.1,206.4,176.9,180.2,180.8,182.1,182.9,179.9,180,183.8,188.8,216.7,184.2,179,182,182.7,181.9,189,192.1,182.5,188.1,214.1,188.9,183.7,185,179.9,184.1,183.8,183,181.4,A,,,20211010005153,
300,20211010,183,184.2,218.9,185.9,180.9,185,183.8,177.6,182.5,180.2,186.9,184.9,181.2,175.8,202.7,244.4,203.5,199.1,198.8,236.4,215.6,198.3,194.4,233.8,212.9,192,194.6,214.1,230.2,194.9,192.5,191.7,226.9,230,194.8,200.5,192.3,191.3,188.7,186.5,191.2,193.3,199.7,219.1,189.2,190.7,190.6,189,A,,,20211011005044,
300,20211011,187.9,188.9,188.4,190.2,189.5,191.1,185,218.3,199.1,190.1,189.4,188.8,192.6,183.8,182.6,185.4,189.4,204.6,208.8,187.3,192.6,196.5,190.1,187.5,190.1,187.8,184.1,184.6,213.1,194.6,182.8,184.8,184.2,187.6,180.8,182.2,184.2,175.1,172.7,201.4,180,173.7,174.9,171.8,174.1,173.1,172.3,170.7,A,,,20211012004844,
300,20211012,172.4,172.7,171.4,203.8,176.7,170.6,171.8,171.4,172.6,173.9,171.1,172.9,175.6,181.1,200.1,201.5,184.4,183.1,183.1,187.5,195.6,193.9,194.1,242.5,204.1,199.2,200.6,219,213.7,198.4,189.3,193.1,232.3,195.9,185.3,189.2,189.3,182.7,217.4,189.4,186.6,183.6,184.5,181,180.3,178.8,213.1,186.7,A,,,20211013004909,
300,20211013,179.9,171.8,173.6,170.6,174,170.9,170.3,195.4,185.5,174.2,170.1,170.8,179.4,174.2,179.5,204.5,242.1,224.9,228.3,237.9,240.1,231.2,226.8,228.1,234.2,230.4,229.7,232.2,240.3,241.5,246.1,243.6,251.4,248.8,238.3,234.2,245.8,238.7,241.4,240.9,247.5,232.8,229.7,229.3,205.6,189,173.9,190,A,,,20211014004736,
300,20211014,178.2,186.5,218.6,174.5,175.2,171.7,170,169.7,179.7,173.4,168.1,170.1,179,175.9,197.6,250.1,239.3,222.8,191.7,247.9,235,232.3,221.5,224.1,231.9,224.3,217.6,190.5,246.2,235.9,227.6,223.6,228.3,224.4,210.5,189.3,180.1,170.2,169.5,172.7,174,174.8,172.3,202.5,183.6,171,169.1,170.1,A,,,20211015005016,
300,20211015,169.9,166.6,166.7,168.4,202.4,179.4,165.7,164.3,166.5,166.4,169.6,168.7,169.6,169,214.5,247.7,201,250.1,243.8,232.2,233.9,231.2,228.3,229.6,239.4,234.9,232.5,236.4,238.2,236.9,229.7,224.5,230.5,227.3,212.3,188.8,175.9,170.2,173.4,175.4,192.2,201.9,174.3,171.3,170.5,168.3,170.8,167.3,A,,,20211016004746,
300,20211016,193.1,183.5,164.5,165.5,172,170.2,168,166.7,167.3,165.5,164.8,166.9,166.5,155.7,155.6,173.7,181.9,156.9,155.6,157.2,159.4,155.9,153.9,156.2,160.1,158.3,165.1,183.3,159,157.2,155.5,158.3,156.6,155.5,158.2,164.6,167,162.8,165.7,198.4,165.7,163.5,163.7,164.9,168.2,159.7,158.5,159.5,A,,,20211017005259,
300,20211017,161.7,199.5,168.4,164,162.3,162.3,165.1,163.5,163.7,162.8,161.5,163.3,163.2,155.6,158.1,162.6,196.8,159.6,158,159.2,164.4,164.6,158.5,193.5,164.6,164.5,162.1,159.9,161.5,160,160.4,159.2,171.6,203.3,161.3,169.7,170.7,166.1,175.1,206.3,173.9,170.2,167.7,164.6,172.2,169,163.3,165.8,A,,,20211018005522,
300,20211018,164.4,170.4,207.5,169.9,166.7,161.7,167.1,165.4,167.8,184.3,185.6,166.3,171.4,166.3,167.9,170.8,171.5,174.2,210,193,222.9,339.2,371.2,357.5,360.3,353.4,351.2,350.4,349.2,346.8,312.8,227.5,184,183.3,174.8,179.3,177,168.7,168.6,173.8,179.4,215,203,197.2,196.5,199,194.9,192.7,A,,,20211019005001,
300,20211019,192.7,193.1,195.5,192.3,195.6,192.2,161.8,160.2,161.1,161.6,160.5,163.2,166.4,173,199.2,165.2,167.7,172.5,210.9,204.8,207.6,214,216.1,216.8,194.9,186.4,201.5,229.4,220.4,187.9,181.6,179.6,172.7,173.6,170.9,171.6,174.3,166.7,165.9,170.3,175.1,173.8,170.1,167.5,165.9,163.2,158.1,159.9,A,,,20211020004744,
300,20211020,158.3,159,156.4,155.6,160.9,157.2,157.4,156.3,156.7,155.4,157.1,156.2,163.3,163.8,173,173.3,186.4,248.4,315.9,276.7,255.7,249.6,241.7,238.6,245.3,241.7,228.9,226.3,228.1,225.8,229.1,226.3,223.7,221.4,209.9,218.1,208.9,196.2,193.8,196.9,204,199.9,193.9,189.1,188.9,190.8,188.9,188.4,A,,,20211021005146,
300,20211021,187.1,189.4,186.5,185.6,188.1,185.9,188.3,189.7,181.7,196.2,195.2,198.4,201.8,207.4,215.6,214.2,214.4,217.2,211,208.5,206.5,205.4,197.2,196.4,201.2,202.6,200.1,198.3,200.2,204,199.8,204.3,199.9,202.2,193.6,187.6,187.8,188,186.7,190,195.1,188.4,187.5,188.5,186.3,183.6,181.1,185.4,A,,,20211022005100,
300,20211022,186.4,188.7,186.4,184.5,187.4,180.7,185,182.7,182.8,183,184.7,178.5,182,187.9,172.6,155.8,167.4,207,188.5,187.8,164.7,154.9,155.2,192.7,173.1,159.5,161.1,183.8,172.7,157.4,155.1,167.1,200.1,159.6,150.1,155.3,155.8,155.1,184.9,166.7,156.5,158.5,156.1,158.8,157.4,153.6,149.3,180.8,A,,,20211023005155,
300,20211023,165.4,153.8,154.3,151.6,151.6,152,153.5,181,160.8,153.1,153.4,143.7,143.9,144.5,145.1,147.8,145.4,159,174.4,148,148.7,146.2,146,145.6,152.7,183.5,148.6,147.3,148,152.1,148.3,148.4,153.8,147.9,164.2,180,151.4,154.1,156.7,158,156.5,153.8,181.7,167.3,157.2,150.6,149.2,151.5,A,,,20211024005718,
300,20211024,154.1,150.6,152.4,151.4,150.7,156.6,188,152,152.8,154,152.2,145,142.8,144.4,145.4,147.8,144.1,149.1,184.7,148.7,148,146.1,144.3,142.4,153,176.1,146.3,145.5,144.1,147.3,142.3,145.3,146.5,145.2,147.1,164.7,184.5,148.3,156.9,152.3,150.5,148.2,149.6,151.8,180.8,160.6,147.8,148.6,A,,,20211025005052,
300,20211025,150.5,147.4,148.6,151.2,149.4,148,147.8,150.1,177.6,160.6,152.4,144.9,145.1,150.2,155.1,154.1,155.8,150.2,160.3,191.3,161.3,152.6,159.2,159,201.2,223,208.5,210.4,209,212.1,209.4,207.3,211.1,203.7,168,164.6,161.9,156,155.4,163.6,192.2,152.8,153,154.1,154,149.7,151.8,183.4,A,,,20211026005038,
300,20211026,159.7,150.4,151,151.5,148.6,153.9,150.8,150.4,150.7,155.1,187.2,145.6,146.3,151.8,160.3,214.9,199.3,195.8,195.4,204.1,208.7,184,187.1,218.8,224.7,217,209,213.3,211.8,214.3,205.8,205.4,203.1,199.4,167,164.2,165,162.9,160.6,163.8,162,162.7,160,163.7,160.9,156.5,163.4,203.2,A,,,20211027004559,
300,20211027,156.7,151.2,151,151,152.2,152.1,148.9,149.3,150.4,148.7,150.9,148.2,152.5,210.6,213.2,220.5,217,220.6,218.7,224.2,227.7,226.4,221.6,219.5,230.1,235.5,241.6,225.3,226.2,229.8,229.9,229.3,228.9,244,207.2,204,204,204.1,204.6,207.2,195.2,192.2,188.4,189.9,184.7,182.2,184.1,184.1,A,,,20211028005204,
300,20211028,187.3,180.1,180,182.1,183.2,187.4,183.5,182.7,183.5,182.5,182.9,180.4,180.7,184,204.8,196.9,193.6,205.2,197.2,178.2,176.8,219.1,204.2,200.4,203.3,203.2,211.1,220.5,221.5,229.7,223.3,220.3,213.1,215.9,209.3,201.7,202.4,202.3,202.4,202,193.1,193.6,190.3,193.8,189,184.4,183.3,187.2,A,,,20211029004419,
300,20211029,190.2,183,185.2,183.4,185.6,186.9,186,184.8,187.4,185,201.2,191.8,189.7,198,211.4,203,201.4,207.7,190,201,194.9,192,194.1,199.6,197.5,197.7,209.1,196.2,191.2,195.9,194.6,197.8,190.1,193.4,186.5,187.3,190.2,183.5,182.3,181.6,178.8,181.6,182.6,185,180.3,179.7,180.3,178,A,,,20211030004510,
300,20211030,184.7,182.3,178.1,180.4,184.8,185.5,181.1,181.5,178.2,178.7,179.7,181,180.2,172.6,172.6,171.5,173,176.2,177.7,185.3,179.5,96.9,0,213.6,161.9,153.8,152.3,192.3,188.7,180.7,178.2,174.3,176.1,176.2,169.1,181.2,186.9,179.9,176.8,169.9,180.8,177.3,178.5,180.1,177.9,173.4,172.4,178.1,V,,,20211031004513,
400,1,21,A,,
400,22,24,A,79,Power Outage Alarm 
400,25,48,A,,
300,20211031,186.7,179.8,172.3,171.2,175,171.9,175.8,173.6,178,174.9,173,173.9,178.8,175.9,172.1,163.4,177.2,177.9,170.8,166.7,167.9,172.2,171,166.2,171.9,170.8,171.5,168.8,175.3,178.2,168.9,162.3,178.3,171.9,169.3,178.2,185.7,184.2,173.4,171.1,176.7,175,182.6,176.5,177.5,175.3,179.2,173,A,,,20211101005204,
300,20211101,174.8,174.2,170.7,174.8,176.4,174.5,176.8,175.7,183,176.8,172.4,175.8,186.3,186,177.9,175.9,196.2,105.9,60,146.1,200.7,195.5,202.6,194.9,213.5,210.9,213.7,216.6,220.6,203.5,205.3,199.7,208.2,206.2,150.8,150.6,157.9,161.3,195.6,185.3,190,189,191.7,190.8,191.1,178.6,179,176.3,A,,,20211102005003,
300,20211102,184.8,183,180.7,176.3,174.8,173.5,170.2,172.8,183.6,175.9,172.7,176.8,183.7,179.4,200.1,197.2,204.7,207.2,216.5,220.1,221.5,220.3,229.1,222.2,231.8,230.1,230.3,230.3,227.9,233.2,229.8,225.5,225.3,212.8,201,217.1,203.9,184.1,180.6,187.2,181.3,183.2,182,176.3,175.7,175.4,174.3,173.6,A,,,20211103005147,
300,20211103,174.9,173.1,176.2,177.9,176.3,171.5,170.5,173.5,178.5,199.7,198.4,193.4,202.8,202.5,202.5,212,217.2,220.3,225.9,226.4,228,228.6,228.9,228.7,229.4,234.9,228.6,229.3,230.9,225.4,230.4,219.1,222.1,229.3,220.9,223.4,224.8,217.8,212,212.1,210.6,211.7,187.4,175.8,170.1,171.7,170.4,171.9,A,,,20211104005612,
300,20211104,173.6,170.6,169.4,170.1,173.7,172.1,168.2,167.6,168.7,168.8,177.4,180.5,183.6,181.5,191.9,185.1,197.9,201.1,194.1,195.6,195.2,195.5,197.2,199.4,209.1,207.5,200.9,202.5,209,201.4,198.3,197.7,195.2,202.7,184.3,200.6,201.2,185.2,185.3,187.4,190.6,187.4,185.6,185.4,176,175.9,175.8,179.1,A,,,20211105004446,
300,20211105,177.7,171,170,166.9,173.5,178.1,181.1,177.8,178.8,177.5,177.4,183.3,185.3,174.5,194,190.7,187.7,198.7,196.9,197.5,192,200.4,203.8,195.9,204.2,198.6,190,188.8,188.8,192.4,187.8,194.8,189.8,188.2,181.4,188.7,187.2,182.2,178,181.1,183.2,179.4,178.9,180.4,177.3,175.5,175.8,176,A,,,20211106004820,
300,20211106,177.6,178,179.9,173.7,173.1,175.1,174.7,173.4,172.9,169.8,168.3,176,174.7,169.7,167.1,168.6,173,173.5,174.1,170.6,169.6,170.5,173.8,178.5,182.7,179.6,188.2,198.4,199.9,199.6,191.4,196.1,200.2,201.1,195.7,199.5,199.3,196.9,192.3,195.9,195.5,192.3,192.5,195.5,193.4,194.2,189.6,187.6,A,,,20211107004723,
300,20211107,194.7,189.5,190.7,184,183.3,179.8,183.8,185.9,186,182.4,180.3,184.2,187.1,177.8,176.2,179.2,179.8,177.3,175.5,173.9,175.8,177.3,174.9,175.6,181.5,180.2,151.7,141.8,142.8,142.9,142,144.7,147,147.2,188.1,181.1,184.3,180.9,179.5,183.3,181.2,179.5,181.1,188.5,187.8,188.8,180.8,180.2,A,,,20211108004652,
300,20211108,186.2,186.9,190.5,186.7,188.5,187.7,189.8,194.3,189.3,181,183,182.1,194.3,195.6,190.3,190.4,193.8,201.3,195.7,196.2,197.9,195.8,197.3,201.5,201.9,203.6,211,205.9,204,197.2,199.7,199.1,192.5,197.1,184.8,191.3,195.1,192.7,192.6,195.7,193.7,190.4,196.2,189.1,189.3,188,185.2,188,A,,,20211109005011,
300,20211109,189,192,189.1,188.7,191.3,190.1,191.4,188,188,183.2,184.9,189.2,197.3,195,185,163,174,213.7,207.9,204.8,222.3,228.1,227.6,233.9,229.7,232.1,229.7,232.5,246.2,244.4,239.4,244.4,254.8,253.8,229.4,236,238.7,236.9,235,230.9,223.4,220.2,203.2,207.5,210.1,208.2,204.3,202.4,A,,,20211110005039,
300,20211110,200.5,202.6,209,205.1,196.1,191.6,191.7,194.6,193.7,191.3,191,192.2,197.9,191.3,201.5,200.2,202.5,201,205.1,222.2,218.1,219,211.1,210.3,209.9,215.6,210.1,211.8,210.4,210.7,209.4,216.1,210,210.2,195,196.6,198.8,201.8,202,206.2,199.8,195.7,192.7,191.1,197.6,193,191,192.4,A,,,20211111004136,
300,20211111,189.1,185.1,188.8,192.8,192.4,190.8,189.6,186.6,187.8,190,190.6,191.2,202.1,199.4,195,193.8,199.1,209.4,208.2,209.3,214.6,209.1,212.3,205.6,215.4,222.2,232.5,231.9,225.4,222.9,205.9,200.1,202.1,204.6,194.7,202.5,201.7,193.3,190.9,198.8,199.9,200.9,198.4,196.5,190.3,188.3,190.5,190.8,A,,,20211112005125,
300,20211112,192.7,189.1,186.9,185.6,186.9,190.2,188.9,194.2,195.1,190,190.3,191.1,203.9,198.1,186.8,167.6,217.5,241.3,211.9,222.3,228.7,232.2,242.9,241.8,247.7,250.4,249.4,249.3,246.5,250.5,249.5,247.3,253.3,246,237.1,239.1,218.7,227.2,266.2,245.1,243.4,234.4,229.3,225.9,201.9,198.2,191.8,192.8,A,,,20211113004706,
300,20211113,185.3,183.4,185.9,178,179,178.3,177.5,180.7,179.9,178.1,177.9,172.9,152.3,143.8,142.2,142.7,145.6,145.7,143.8,147.1,145.7,176.3,143.8,141.7,145.4,145.7,150.9,175.2,197.6,152.6,159.2,210.9,199.4,196.3,199.5,217.6,218.2,218.2,219.4,229.6,223.2,220.2,216.3,221,218.4,210,189.4,161,A,,,20211114005020,
300,20211114,160.2,161.8,154.4,151.7,150.3,149.1,151.5,147.5,167.3,172.3,148.3,149,150.4,141.5,143.8,143.5,141.8,143.4,141.1,140.8,145.7,179.1,147.2,141.4,142.5,144.9,143.4,143.1,145,142.1,142.8,141.6,168,159.7,145.6,154.5,153.5,150.6,150,176.6,167.6,151.5,148.5,146.3,148.8,148.4,149.9,147.8,A,,,20211115004905,
300,20211115,147.4,148.2,146.1,149.1,149.3,164.1,164.5,146.3,146.5,149.6,150.6,152.2,157.4,151.8,152.4,151.1,155.1,158.5,186.3,160.7,156.6,155.9,158.3,160.7,171.2,178.1,173.6,199.9,173.6,149.6,152.9,150,154.3,155.7,184.9,153.9,151.3,149.3,147.6,148.3,151.3,149.1,147,170.9,184.3,174.5,177.9,179.9,A,,,20211116005641,
300,20211116,181.2,179,178.6,183,184.3,185.1,182.9,177.7,175.7,175.5,181.9,183,187.5,184.7,183.3,180.2,184.3,187.9,188,204.7,216.7,206.9,212.8,209.7,209.8,212.4,209,211.2,215.7,214.8,218.6,213.2,214.7,190.4,178.9,187.9,161.9,156.3,158.1,158.7,159.1,175.9,180,153.3,151,149.2,152.1,152.2,A,,,20211117004937,
300,20211117,152.7,149.7,149.6,147.5,155.4,178.5,149,148.4,146.3,147.7,146.5,150.5,157.7,153.2,162.4,174.9,156.9,160.6,159.9,165.3,165.4,217.9,202.3,189.9,192.1,191.3,187.9,246.2,314,306.7,284,260.4,178.6,175.8,169.5,172.6,170.6,173.2,214.8,173,170.9,171.1,172.9,197.6,159.3,154.4,154.7,151.2,A,,,20211118005215,
300,20211118,158.4,160.7,196,152,150.2,152,150.6,156.1,151.1,165,175.9,149.4,156.4,155.5,294,183.7,154,164.1,160.2,283.3,197.1,179.7,161.1,166.4,209.8,173.3,167.6,171.3,165.4,159.8,186.3,203,174.3,169.7,155.7,165.5,166.2,188,181.7,166.5,163.6,160.3,157.8,159.1,165,187,159.5,153,A,,,20211119004142,
300,20211119,156.8,155.5,156.9,183.7,170,149.8,148.9,150.8,151,149.9,163.8,179.5,156.6,154.8,156.8,153.1,156.7,158.5,154.1,160.1,217.9,219.2,218.8,215.6,212.8,221,219.8,216.6,223.1,229.7,220.3,233.2,229.6,234.5,238.7,257.2,260.6,255.1,261.8,268.9,271,279,265.7,255,240.3,244.1,234.7,230.6,A,,,20211120005119,
300,20211120,214.1,212.5,212.5,210.5,192.2,154.1,151.8,149.8,148.9,148.1,150.5,152.5,150.8,149,149.6,145.3,146.8,178,165.1,150.7,147.1,147.3,152.2,148.7,148.7,150.9,187.2,147.6,146.9,145.1,148.8,146.8,148.5,145.5,167.4,171.1,154.1,150.7,152.2,153.6,155.4,153.5,162.2,175.4,147,146.4,148,150.8,A,,,20211121005104,
300,20211121,149.4,146.1,148.1,144.9,147.5,156.7,182.8,145.8,147,147.9,147,150,149.6,143.8,142.3,142.8,162,171.2,147.7,145.1,145.5,147.3,148.1,148.7,153,157.9,169.3,143.8,145.4,147.4,149.3,143.5,145.7,160.5,166,152.4,156.4,150.6,151.1,154.8,187,154.6,151.5,146,149.4,148.6,146.6,147,A,,,20211122004635,
200,3053093594,B1E1K1Q1,K1,K1,,217457997,kvarh,30,
300,20211001,7.7,5.5,6.4,1.2,6.3,5.6,6.8,4.2,6.7,3.7,6.3,5.1,3.4,1.3,.4,0,1.7,2,1.8,.3,.8,1,1.5,2.1,2.3,.8,1.3,.5,2.6,2.8,.4,1.5,.3,.1,1.4,4.3,7.6,6.3,5.3,4.6,5.7,5.6,6.5,2.2,2.5,5.9,3.5,6,A,,,20211002004855,
300,20211002,3,6.1,5.6,5.1,4.6,8.8,6.1,5.8,3.7,4.4,5.7,5.5,7.5,8.2,3.7,4.4,5,.5,3.3,3.4,3.4,4.7,2.9,4.6,3,1.6,1.1,2.6,3.3,4.9,.8,2.4,.6,1,2.5,2.1,4.6,4.1,2.6,2.8,2.6,3.8,1.1,2.8,2.3,5.3,2.8,6.9,A,,,20211003010127,
300,20211003,3.3,5.4,3.2,2.9,4.2,2.3,2.4,4.3,2.6,1.5,5.7,5.3,3.9,5.2,3.7,4.7,1.1,.9,2.9,2.4,1.6,4.5,1.9,4.4,1.7,1.9,.9,1.6,2.7,3.4,.9,1.3,1,3.3,.6,1.3,3.5,2.6,3.8,3.3,1.5,1.1,.7,2.7,2.4,3.6,3.3,5.2,A,,,20211004010110,
300,20211004,2.7,2,.3,2.4,3,2.3,1.8,2.4,3.3,.5,.8,3.6,.6,0,0,.9,.6,.4,1,.2,0,.1,0,.1,.7,.1,.1,.1,.1,0,0,.1,.7,.3,.9,1.9,2,1.2,2.7,3.4,2.8,2.1,1.2,.1,1,.1,.8,.3,A,,,20211005004847,
300,20211005,.3,.2,.2,.8,.8,.6,.8,0,.8,1.8,1.4,.3,.2,0,0,0,0,0,.3,0,0,0,0,.2,.1,0,0,0,0,0,0,0,0,0,.2,0,1.5,.6,.3,1.4,1.4,.9,.4,.3,.8,1,.3,.5,A,,,20211006005319,
300,20211006,0,1.1,.9,.8,1.5,.3,1.5,1.2,1.3,.6,.3,1.3,0,0,0,0,.1,0,.1,.2,.8,.1,0,.1,1.6,.7,1.2,2.9,.8,.4,.1,.7,.2,.1,3.4,1.4,4.1,4.2,3,3.6,6,3.4,5.1,2.8,5.4,1.3,3.2,5,A,,,20211007004954,
300,20211007,2.6,4.3,5,6.3,5.6,3.2,4.3,5.9,4.8,2.6,7.7,4.6,4.4,.8,1.2,2.7,2,.2,.2,1.3,.7,2.3,1.3,1.9,2.4,.8,.9,5.5,4,1.8,1.5,2.4,.2,1.2,4.9,7.6,7.3,9.1,7,7,10.1,7.7,9,6.1,8.6,11.4,11.7,9.7,A,,,20211008004812,
300,20211008,10.7,10.1,10.5,13.2,9.6,9.5,7.7,7.7,7.7,10.1,12.5,10.8,7.8,1.1,3.3,6.1,5.4,1.7,3.5,2.8,5,2,3.6,4.7,8.2,4.8,2.4,7.8,9.3,3.8,4.2,4.2,3.3,6.8,10.9,14.1,14.8,14.2,15.6,16,11.9,13.3,8.3,10.6,14.8,14.9,15.7,14.5,A,,,20211009004236,
300,20211009,13.8,15.4,14.2,16.7,17.1,9.6,11.8,16.2,16.6,15.2,14.6,14.9,14.7,14.5,11.7,15.4,13.3,13.8,8.2,9.6,16.9,12.5,11.2,10.3,11.2,11.8,14,10.2,11.1,5.9,10.9,12.9,12.5,11.8,12.2,14,12.1,14.8,13.5,11.2,11.3,14.1,14.3,16.9,14.5,13.2,12.4,16.4,A,,,20211010005153,
300,20211010,13.6,12.8,10.8,13.6,17.1,13,12.4,18.4,14.5,15.2,11.8,14.5,16.6,13.8,4.7,2.1,4.7,7.1,7,1.9,8,9.3,12.8,8.4,9.5,14.7,14.9,11.9,7,12.2,12.7,14.7,6.4,7.6,12.3,14,16.3,14.3,17.2,18.9,13.2,14.6,14,12.2,18,13.6,14.9,16.5,A,,,20211011005044,
300,20211011,15.7,15.9,16.1,15.6,16.6,12.3,19,11.5,15.3,15.3,16.4,16.9,13.5,5.9,5.3,10.8,7.4,5.5,5.2,10.6,11.6,6.2,5.1,6.9,5.3,9,10.8,9.7,7,7.6,11.3,8.4,8.7,8.2,11.6,18.3,18.6,16.3,19,13.5,15.8,18.3,15.1,18.7,18.8,16.3,17.7,19.5,A,,,20211012004845,
300,20211012,18.5,17.3,18.9,13.8,15.9,18.6,17.9,18.9,18.4,19.5,19.5,18.9,16.3,7.5,6,8.9,10,10.7,9.3,8.3,10.2,12.4,12.1,3.8,10.5,11,8.2,8.6,9.9,5.7,14.1,13.6,4.1,14.5,17.2,23.2,22.3,22.5,18.1,20.5,22,25,21.8,22.8,24.5,23.3,18.1,21.8,A,,,20211013004909,
300,20211013,23.3,27.7,27.1,27.6,25.5,25.4,29.4,22.2,24.6,27,26.9,27.6,20.8,16.5,17.4,11.6,7.3,8.9,8.2,5.5,6.3,9.3,12.3,6.9,6.7,10.9,6.3,10.4,3.2,3.1,5.8,4.1,2.8,5.6,6,13,10.4,10.6,11.2,9.9,11.2,15.1,13.7,14.5,17.6,22.8,28.7,21.7,A,,,20211014004736,
300,20211014,23.8,22.5,14.9,26.1,23.7,25.7,26.7,25.1,22.1,24.4,27.3,28,19.6,14.7,11,6.1,8.7,9.1,16.5,7.3,6.8,6.9,12.4,10.1,6.4,13,13.2,18.7,7.8,7.7,10.2,12.2,11.2,13.5,21.4,31.9,29.2,29.6,28.6,27.7,29.2,26.8,28.9,27.5,26.7,26.1,26.8,28,A,,,20211015005016,
300,20211015,27.9,29.5,31.8,33.2,23.3,24.8,29.2,31.1,29.8,28.4,29.6,32.8,26,21.5,14.7,10.5,17.3,8,13.7,16.3,11,12.3,14.7,14,8.3,12.9,13.6,12,9.2,8,11.9,14.5,11,13.4,19.9,28.9,27.2,29.7,27.8,27.2,24.9,22.4,31.5,31.6,27.9,31.1,26.6,29.9,A,,,20211016004747,
300,20211016,23,27.7,34.8,33.1,27.1,28.9,28.7,30.7,30.8,30.1,34.6,31.6,29.1,31.2,31,28,25.4,30.7,33.7,31.8,28.6,30,30.8,27.6,28.2,27.4,32.4,28.2,27.7,29.6,28.8,27.4,29.5,28.8,32.9,32.5,29.1,30.8,29.8,23.2,31.2,31.1,34.7,30.8,27.2,32.1,31.4,30.9,A,,,20211017005259,
300,20211017,30.3,21.6,31,31.8,29.4,30.6,29.4,28.8,29.7,31.3,32.6,31.4,29.2,28.1,26.3,26.2,21.1,28.4,32.3,28.7,24.1,24.1,27.1,20.7,27.2,25.4,28.3,26.6,24.6,27.7,25.4,26.2,24.1,19.7,28.8,29.7,25.4,29.6,25.8,20.9,26.1,29.6,31.4,30.1,25,25.9,28.1,28,A,,,20211018005522,
300,20211018,29.7,28.7,23.3,29.1,27.2,30.5,27.3,27.9,27.8,26,28.9,28.7,23.2,19.5,17.9,17.2,18.7,19.6,17.8,18.8,10.1,.3,0,.8,.2,.6,1.8,.3,.1,.2,2,16.9,21.2,22.1,29.9,30.6,28.6,30.9,32.8,29.6,26.5,25.2,30.4,27.9,24.7,23.1,26.2,26.6,A,,,20211019005001,
300,20211019,27.2,29,29.1,28.9,24.1,26.1,31.5,33.2,32.6,33.4,36.1,32.2,27.1,22.4,18.1,23.4,22.8,23.3,22.9,23.6,17,15,17.2,15.2,20.4,22.1,20,16.3,11.2,20.4,23.5,19.3,23.6,22.8,24.7,28.4,24.4,29,28.3,28.6,25.9,26.6,31.1,30,25.2,28.3,30.9,30.2,A,,,20211020004744,
300,20211020,31.2,31.4,35.5,32.8,27.2,30.5,30.7,32.5,32,32.4,33.7,29.7,22.4,22.6,21.8,23.5,18.1,9.4,4.3,7.6,8.3,8.6,9.2,10.7,9.9,10.8,18.4,16.3,11.8,13.9,12.7,17.9,16.7,17.4,24.8,23.8,21.5,25.5,26.7,25.9,23.8,26.4,28.9,28.4,26.2,25,27.5,26.9,A,,,20211021005146,
300,20211021,27.5,25.6,29.4,27,24.4,26.9,25,25.2,29.6,26.1,29.2,22.7,19.1,12.1,15.3,14.5,14.2,9.9,20.1,17.5,14.3,16.3,18.1,17.1,15.4,16.8,16.9,18.4,17.5,13.5,16.6,14.1,18.1,16.9,23.6,26.1,25.3,26,26.6,27,25.7,27.6,28.4,26.1,26,26.6,29.1,28.3,A,,,20211022005100,
300,20211022,27,26.8,29.3,27.6,26.4,29.3,26.1,27.9,29.3,29.4,28.9,27.2,22.9,17.5,21.8,26.7,23.8,16.1,23.2,19.1,19.3,26.4,26.6,18.9,19.1,26.5,22.9,22.2,21.9,23.3,25.6,21,18.6,23.6,31,33.5,31.5,32.2,26.6,31.3,32.7,34,35.3,31,31.3,32,35.1,29.8,A,,,20211023005155,
300,20211023,30.9,33.6,33.9,34,32.7,34,34.2,28.6,31.6,32.7,33.5,33.9,32.7,30.5,31.5,31.7,31.6,32.5,30.3,30.1,29.8,30,31.9,32.2,31.4,25.6,31,30.4,32,28.8,31.7,32.4,29.7,31.2,30.3,28.2,34.3,31.5,31.9,32.1,33,36.6,30.4,30.6,30.8,33.2,34.5,34.4,A,,,20211024005718,
300,20211024,31.6,35.9,34.9,32.6,33.7,31.4,28.8,33.5,32,33.4,33.9,32.4,32.7,32.1,31,29.6,33.6,34.2,27.3,30,29.3,30.5,33.1,33.1,30.2,27.8,32.7,30.8,31.8,31,34.5,30.3,31.1,32.8,30.5,30.4,27.3,34.3,30.8,31.3,33.7,35.8,36.5,30.9,26.9,30.4,34.3,33,A,,,20211025005052,
300,20211025,33.1,36.7,34.2,30.3,34.3,34.5,34.6,33.6,28.7,32.8,34.2,32,30.3,25.5,21.3,22.3,24.1,29.7,24,18,22.1,26.3,23.7,23.7,16.6,13.3,21.4,19.1,18.8,17.9,18.4,20.3,17.7,23.1,30,33.2,37,32.6,34.7,33,28.7,36.7,36.6,32.3,35,35.9,35.3,30.1,A,,,20211026005038,
300,20211026,32.5,36.8,36.9,33.1,36.3,32.6,36.3,34.3,35.2,35.8,30.1,33,33.1,25.1,26.4,15.4,20.8,22.6,24.6,18.2,17.2,25.2,24.9,15.5,15.8,15.2,19.6,12.6,16.5,13.8,17.2,16.9,16.1,20,27.9,30.7,30.9,32.7,32.5,30.5,31.9,33.1,33.3,28.8,30.9,31.7,31.4,25.4,A,,,20211027004559,
300,20211027,33.2,36.3,36.5,33.4,33,35.9,35.2,35.8,35.9,35.2,35.9,32.6,30.3,16.5,15.7,17.3,18.7,16.9,18.8,13.1,14.6,18,16.1,20.2,19.2,19.6,20.8,19.6,16.8,18.9,16.4,16.6,18.3,16.3,24.9,27.1,29.4,30.1,27.9,27.5,30.8,31.1,33.8,29.3,32.4,34.8,32.2,32.6,A,,,20211028005205,
300,20211028,31.3,35.3,34,31.8,32.7,32.4,31,34,34,33.3,33.2,31.2,28,25.7,20.2,23.8,26,23.2,23,26.1,28.3,24.7,23.8,25.3,27.9,29.4,28.1,26.9,29.1,23.6,27.8,25.5,29.7,29.5,30,35.2,36.8,38.5,37.3,38.6,39.1,37,38.1,34,37.6,38.7,38.6,37.3,A,,,20211029004419,
300,20211029,35.6,39.6,39.1,37.9,37.5,37.5,37.5,37.5,38.5,38.2,36.2,32.8,31.7,26.6,21,23.4,28.8,24.3,31,24.6,26.6,27.7,28.1,23.6,27.1,28.4,26.4,26.4,27.9,24,26.4,22.8,30,26.2,29.3,34.2,35.2,35.2,35.5,36.2,38.4,35.2,35.7,32,37,35.4,35.5,35.8,A,,,20211030004510,
300,20211030,34.5,34.5,38,34.1,35.7,33.8,34.2,34.7,38.5,35.8,36.2,34,37.1,33.4,34.5,34.4,36,33.6,32.8,28.7,33.5,19.1,0,11.7,25.2,30.2,30.5,23.5,21.7,26.1,24.4,37,31.8,33.6,35.5,36.6,33.5,36,37.8,49.1,33.3,36.4,34.7,35,38.2,38.9,38.7,44.7,V,,,20211031004513,
400,1,21,A,,
400,22,24,A,79,Power Outage Alarm 
400,25,48,A,,
300,20211031,30.1,35.2,38.3,38.1,34.9,37.7,35.6,48.9,31.6,36.1,37.6,38.4,33.5,32.5,35.2,48.1,28.6,31.3,32.1,34,36.1,33.8,33.5,44.8,27.6,33,32.6,35,31.2,29.1,34.1,45.5,26.8,31.9,34.1,36,32.2,30,37.2,47.8,32.8,33.9,30.9,35.1,34,35.3,33.9,44.4,A,,,20211101005204,
300,20211101,30,33.9,36.6,35.5,36.7,34.6,34,44,28.7,33.5,36.8,37.2,23,19,24.5,31.8,18,21.1,22,20.3,17.8,24.8,18.8,31.2,19.6,21.7,22,20.4,14.6,18.1,19.2,27.4,15,17.3,37.6,41.7,38.2,34.8,33.1,41.8,30.1,31.8,30.8,33.5,31,34.3,36.1,43.4,A,,,20211102005004,
300,20211102,31.7,31.9,35,36,37.5,37.7,41.2,41.5,31.1,36.2,38.1,38.5,27.3,22.9,23.3,29.7,21.5,20.4,25.1,20.8,20.6,23.7,17.6,28.1,10.5,15,16.1,14.7,19.3,16.5,22,22.4,10.4,18.1,29.4,22.9,25,29.7,34.6,31.2,32,31.4,34,39.5,38.7,38.6,42,44.2,A,,,20211103005147,
300,20211103,38.5,39.9,39,36.7,39.4,40.6,44.4,45.5,36.9,33.4,39.1,38.9,29.1,23.8,25.5,29.3,19.3,23,23.5,20,21.2,20.2,23,23.1,21.2,18.6,21.2,19.1,15.5,22.5,20.7,25,19.9,16.7,29.2,30.6,32.9,34,34.3,34.9,35.2,34.2,38.7,39.7,42.6,41.1,44.1,41,A,,,20211104005612,
300,20211104,40.2,42.1,40.4,41.1,37.7,41.3,44.4,44.4,42.2,40,40.9,40.4,30.2,28.8,30.8,33.4,27.1,26.6,28.8,29.4,28.2,25.9,29.3,26.6,23.8,23.1,28.3,28.1,18.9,26.3,26.4,26.2,27,20.9,32.3,23.2,28,32.1,29.7,29.6,29,28.3,33.2,34.8,37.6,37.7,43.3,40,A,,,20211105004446,
300,20211105,37.1,40.6,40.7,41.9,40.8,42,42,43.4,42.2,42.3,43,40.3,32.5,30.3,30.1,31.1,31,24.8,29.1,28.1,29.8,31.8,28.1,27,24.3,23.8,26.2,29.5,30.2,23,30.4,24.5,25,27.1,37.1,36.4,36.7,36.5,41.9,37.5,37.7,37.4,36.7,35.9,38.4,38.7,44.8,38.2,A,,,20211106004820,
300,20211106,37.7,38.3,38.3,39.9,40.9,40.3,41.7,38.1,38.6,42,43.1,39.7,39.2,37,42.4,37.9,36.4,38,36.7,37.6,38.8,40,42.2,36.4,35.2,37.4,33.7,32.5,34.3,32.5,39.1,30.8,31.3,32.1,34.8,36.2,35.2,33.9,37.7,33,33.3,34.3,32.8,31.9,35.4,34,39.3,35.2,A,,,20211107004723,
300,20211107,32.1,33.4,33.2,38.2,38.9,39.7,41,33.7,35.6,38.3,39.5,36.4,38,34.4,39.1,36.6,35.3,37.4,36.2,34.8,37.9,36.1,41,34.4,34.4,33.3,41.7,43.6,43.8,43,45.2,41.7,39.1,42.4,32.5,39.7,38.3,35.5,41.1,36.5,37.4,36.6,38.3,34.4,38,35.1,41.3,37.4,A,,,20211108004652,
300,20211108,35.7,33.9,33.4,36.7,37.5,36.2,36.7,33.3,32.9,37.3,37.5,39.7,27.5,20.6,27.7,23,21.9,20.7,25.6,21.8,20.8,26.7,26.6,23.4,23.5,19.4,19.2,23.9,21.7,24.9,24.7,19,23.9,20.8,34.6,39,35.7,34.7,38,33,35.7,35.7,34.3,36.8,34.6,36.7,42.2,34.4,A,,,20211109005011,
300,20211109,35.5,33.5,35.3,37.1,35.5,37.2,38.6,33.3,36.2,37.7,37,39,26.4,22.7,27.1,28.1,32,22,20.6,25.4,19.6,22.5,28.2,18.2,21.2,16.3,18.3,19.3,13.2,16.6,19.3,10.6,11.9,9.9,23.5,26.1,24.3,25.6,29.1,27.2,31.6,31.3,32.5,31.4,28.7,29.5,35.7,29.4,A,,,20211110005039,
300,20211110,32.9,31.4,28.3,32.7,33.9,37.1,39,31.5,32.9,35.5,35.1,38.2,27.7,22.7,25.5,23.9,22.9,23,26.1,19.4,22.1,24.8,25.3,21.5,25.8,18.9,24.9,24.7,22.4,21.5,27.1,16.1,23.1,19.1,30.8,38.3,35.4,36.6,37.1,29.4,34.6,36.8,35.1,36.5,32.8,35.5,37.1,32.4,A,,,20211111004136,
300,20211111,35.1,36,32.8,33.6,34.2,35.8,36.2,34.8,33.4,34.6,34,35.7,26.2,23.3,24.3,22.5,21.3,20.5,21.7,19.8,20.6,20.6,18,21,17,19.3,17.6,13.3,20.8,15.6,24.5,20.8,20.9,19.1,31.7,31.8,35,36.2,38.9,31.1,32.1,32,34.9,32.7,34.4,35.8,34.5,31.6,A,,,20211112005125,
300,20211112,32.8,32.3,34.1,32.1,34.5,34.3,36.1,32.9,32.5,34.4,34.8,34.7,24.8,23.5,26.8,28.5,20.5,15.5,25.9,19.9,25.1,25.1,18,19.6,15.8,19.3,21,15.1,21.2,16.9,20.6,20.8,20.5,21.6,31.1,29,33.5,37.2,25.7,29.9,29.6,31,30.9,30.7,36.5,39.2,35.8,32.3,A,,,20211113004706,
300,20211113,36.2,37.8,37.4,37.4,37.5,39.5,38,37.6,39.3,39.6,40.4,38.1,44,45.5,46,42.5,43.3,41.8,43.2,41.3,43,38.1,42.8,41.8,40.2,39.5,42,36.6,32.6,42.4,41.6,28.9,30.4,32.7,30,33.2,26.8,28.8,30.8,29.6,29.3,31.5,30.5,27.7,28.8,35,35.3,42.1,A,,,20211114005020,
300,20211114,43.7,41.5,40.5,42.4,44.9,45.1,43.2,42.4,40,39.2,43.4,43.8,45.2,45.2,42.2,40.3,43.6,42.1,42.8,44.3,41,36,41.2,41.9,42.8,43.4,40.7,40.7,41.3,45.2,43.1,42.2,37.5,38.8,40.5,41.8,45,45,44.2,37.3,40.5,45,42.4,45,43.2,44.3,41.4,42.8,A,,,20211115004905,
300,20211115,43,44.9,43.8,41.1,43.8,41.3,41.4,42.5,45.1,43.6,40.8,42.7,35.7,33.7,32.2,33.8,33,31.9,28.5,32.5,34.2,35.8,31.2,31.4,35,31,30.5,31.3,35.1,38.2,32.9,36.8,33.1,35.7,34.7,43.8,45.4,48.6,45.3,44.8,44.4,45.5,44,39.8,36.8,41.6,37,35.4,A,,,20211116005641,
300,20211116,37.3,37.8,39.5,35.7,38,36.8,35.5,38.2,39.8,39.2,36.9,36.4,31,29.1,26,29.1,29.6,23,28.1,28,22.8,30.1,21.6,24,27.6,22.5,28.4,26,22.8,27.4,19.8,26.9,24.6,27.1,38.3,37.3,44.1,45.3,43,43.1,44.5,36.7,39.3,42.6,45,46.6,41.5,41.7,A,,,20211117004937,
300,20211117,44,42.8,43.2,44.4,44.5,39.4,42.1,42.8,47.4,43.6,45.3,42.7,34.9,33.1,30.4,31.9,33.2,28.4,32.2,28.5,34.2,26.8,24.7,31.7,29.7,28.2,33.8,21.5,14.5,10.9,11.6,13.2,27.1,26.7,35.9,35.6,39.1,39.7,28.4,36.8,39.7,38.8,35.7,32.9,42.9,44,42.3,43.2,A,,,20211118005215,
300,20211118,43.3,41.1,33.1,45.6,47.5,44.6,42.3,41.4,45.5,41.8,40.9,44.9,37.2,31.9,26.2,35.3,37.5,29.9,35.1,33.5,28,33.3,33.5,32.5,21.2,30,32.9,27,32.5,34.9,23.1,20.1,22.5,26,36.6,38,39.4,37.3,34.8,38.8,39.9,45.2,42.1,39.3,39.8,36.2,40.2,43.8,A,,,20211119004142,
300,20211119,42.2,45.6,40.8,34.9,40.2,46.9,45.2,44.7,45.9,46.2,42.6,37.7,38.7,35.2,32.6,34.3,35.9,35.1,36.5,36.7,27.3,23.6,27.4,29.2,31.6,30.5,26,27.6,28.3,25,29.1,24.6,27.7,23.8,26.5,26.4,27.6,30.7,28.2,27.7,28.2,29.4,24.8,30.2,31.8,29.9,27.7,29.2,A,,,20211120005119,
300,20211120,34.2,38.1,33.4,37,38.6,44.1,44.4,46.8,47.9,50.3,43.3,44.2,49.3,46.3,44.1,45.3,44.8,41.2,40,43.2,47.5,45.6,41.3,41.9,43.9,48.3,35.3,43.7,43.9,45,41.1,43.8,43.5,46.9,37.8,41.2,46.7,45.7,44.2,45,45,46.8,41.9,40.5,48.6,46,43.2,44.1,A,,,20211121005104,
300,20211121,44,50.1,44.9,47.3,46.7,43.9,38.3,47.6,46.9,48.7,44.5,44.2,47.8,45.3,44.2,46.2,40.2,40.4,42.3,45.6,46.6,45.4,42.1,43.9,41.5,45.7,38.9,45.4,45.8,43,41.9,46.3,45.1,44.3,37.1,45.2,45.2,46.1,45.4,46.7,38.7,46.6,42.9,45.1,47.9,46.4,45,45.1,A,,,20211122004635,
200,3053093594,B1E1K1Q1,Q1,Q1,,217457997,kvarh,30,
300,20211001,.2,1.2,.4,6,1.4,1.3,1.1,.8,.2,1.1,.7,1.5,1.1,4.1,5.7,7.7,4.5,2.8,3,5.4,3.5,5.1,4.8,4.4,3.2,7.6,7,4.5,3.6,5.7,6.7,4.2,8.5,8.8,5.7,1.1,.1,1,1.6,2.1,1.3,.3,.7,2.7,3.8,.9,1.2,1,A,,,20211002004855,
300,20211002,2.2,.6,3.2,.5,.7,.1,.4,.1,1.7,.6,.3,.6,.5,.4,1.6,1.6,1.2,4.8,1.8,1.3,1.8,2.3,3.7,1.5,3.6,3.9,3.4,2.4,2.2,1.5,3.3,3.3,8.2,4.2,1.4,2.6,1.8,1,2.1,3.4,2.2,1.8,5.3,1.8,3.1,2,2,1.8,A,,,20211003010127,
300,20211003,2.1,1.8,1.7,2.9,1,5.3,1.9,1.2,2.7,2.1,.4,1.4,1.2,2.5,3.2,1.4,4.6,6.3,4.6,4.2,2.4,2.2,3.8,2.2,3.4,4.9,8,4.9,1.6,2.2,3.5,4.3,5.1,4.7,3.7,3.2,2.4,2.3,3.6,3.6,2.2,7,5.1,3.1,2.9,2.5,2.7,1.4,A,,,20211004010110,
300,20211004,3.2,2.8,7,2.3,1.1,2.9,2,2,2.4,3.1,5.8,1.6,4.4,12.4,9.8,7.3,5.5,11.4,9.2,7.1,11.6,12.5,10.2,8.4,8.9,11.3,10.3,7,7.8,16.1,14.3,11.8,7.6,9.7,8.3,3.6,2.3,3.5,2.1,2.2,1.5,2.2,3,9.9,4.3,6.1,5.5,4.8,A,,,20211005004847,
300,20211005,7.7,7.2,7,5,5.4,8,6.6,5.8,7.6,6.8,4.6,4.8,9.3,16.8,13.9,9.3,12.6,14.8,13,15.4,11.5,16.3,14.4,13.2,15.6,18.1,17.7,14.1,15.3,19.8,19.6,17.8,19.5,19,13.5,10.3,5.4,9.4,7.2,5.7,6.8,6.3,6.2,9,5.2,6.2,6.2,5.5,A,,,20211006005319,
300,20211006,9.5,6.2,6.2,5.3,4.7,7.2,5.5,5.5,7.5,4,5.4,4.7,10.1,17,15.8,15,14.9,12.9,8.1,13.1,7,9.8,10.2,11.6,3.6,6.7,4,4.6,10.6,7.9,11.2,5.4,8.2,8.4,4,4.9,1.2,1.2,2.1,1.4,1.2,1.3,1.3,1.8,.7,4,2.6,1.2,A,,,20211007004954,
300,20211007,1.9,1.2,.5,.5,1.1,1.6,.2,.3,.6,3.1,.7,.3,3.6,8.8,4.7,3.9,2.9,7.9,6.9,5,8.4,4.9,3.8,4.6,3.6,5.6,7.1,.7,1.3,3.5,4.5,4,5.8,3.8,.9,.4,1.5,.5,.1,.5,0,.2,.1,1.2,1.1,.2,0,.3,A,,,20211008004812,
300,20211008,0,.1,.6,0,0,.2,.4,0,.4,.1,0,.3,.2,3.3,.7,.3,.5,3.3,.9,1.4,2.4,3.1,1.5,.6,.3,.5,1.5,0,0,2.4,1.7,1.9,2.9,.7,.1,0,0,0,0,0,0,0,.1,.2,.1,0,0,0,A,,,20211009004236,
300,20211009,0,0,0,0,0,.1,1.1,0,0,0,0,.1,0,0,.4,0,0,0,1,0,0,0,.2,.3,.1,.1,0,0,0,.4,.3,0,.1,.1,.1,.1,0,0,0,0,1,0,0,0,0,0,.2,0,A,,,20211010005153,
300,20211010,0,0,.8,0,0,0,0,0,0,0,.2,0,0,.1,2,3.1,1,.1,.1,3.3,.4,.2,.4,.5,.7,0,0,0,.2,0,0,0,.8,.5,0,0,0,0,0,0,.1,.1,0,0,.1,0,0,0,A,,,20211011005044,
300,20211011,0,0,0,0,0,.1,0,.3,0,0,0,0,0,.6,.6,0,.4,.9,.5,0,0,.5,.4,.3,.1,.7,.3,.3,.5,.7,0,.1,.1,.1,.1,0,0,0,0,.2,0,0,0,0,0,0,0,0,A,,,20211012004844,
300,20211012,0,0,0,0,0,0,0,0,0,0,0,0,0,.2,.2,0,.2,0,.2,.1,0,0,.4,1,0,0,0,.1,0,.6,0,0,.3,0,0,0,0,0,0,0,0,0,0,0,0,0,0,0,A,,,20211013004909,
300,20211013,0,0,0,0,0,0,0,0,0,0,0,0,0,0,0,0,.1,0,.1,.2,.5,.1,0,.3,.2,0,.7,.3,.6,1.6,.3,.6,1.3,.3,1.5,0,.1,0,0,.1,.3,0,0,0,0,0,0,0,A,,,20211014004736,
300,20211014,0,0,.4,0,0,0,0,0,0,0,0,0,0,0,0,.7,.2,.2,0,.6,.1,.5,0,.1,.1,0,.1,.1,.7,.5,0,.1,0,0,0,0,0,0,0,0,0,0,0,0,0,0,0,0,A,,,20211015005016,
300,20211015,0,0,0,0,0,0,0,0,0,0,0,0,0,0,0,.1,0,.3,.2,0,0,0,.1,0,0,0,0,.1,.6,.1,.1,0,0,0,0,0,0,0,0,0,0,0,0,0,0,0,0,0,A,,,20211016004747,
300,20211016,0,0,0,0,0,0,0,0,0,0,0,0,0,0,0,0,0,0,0,0,0,0,0,0,0,0,0,0,0,0,0,0,0,0,0,0,0,0,0,0,0,0,0,0,0,0,0,0,A,,,20211017005259,
300,20211017,0,0,0,0,0,0,0,0,0,0,0,0,0,0,0,0,0,0,0,0,0,0,0,0,0,0,0,0,0,0,0,0,0,0,0,0,0,0,0,0,0,0,0,0,0,0,0,0,A,,,20211018005522,
300,20211018,0,0,0,0,0,0,0,0,0,0,0,0,0,0,0,0,0,0,0,0,0,7.9,12.5,8.6,10.2,7.1,4.4,7.5,7.5,6.1,3.1,.1,0,0,0,0,0,0,0,0,0,0,0,0,0,0,0,0,A,,,20211019005001,
300,20211019,0,0,0,0,0,0,0,0,0,0,0,0,0,0,0,0,0,0,0,0,0,0,0,0,0,0,0,0,0,0,0,0,0,0,0,0,0,0,0,0,0,0,0,0,0,0,0,0,A,,,20211020004744,
300,20211020,0,0,0,0,0,0,0,0,0,0,0,0,0,0,0,0,0,.1,.6,.1,0,0,.1,0,0,0,0,0,0,0,0,0,0,0,0,0,0,0,0,0,0,0,0,0,0,0,0,0,A,,,20211021005146,
300,20211021,0,0,0,0,0,0,0,0,0,0,0,0,0,0,0,0,0,.2,0,0,0,0,0,0,0,0,0,0,0,.1,0,0,0,0,0,0,0,0,0,0,0,0,0,0,0,0,0,0,A,,,20211022005100,
300,20211022,0,0,0,0,0,0,0,0,0,0,0,0,0,0,0,0,0,0,0,0,0,0,0,0,0,0,0,0,0,0,0,0,0,0,0,0,0,0,0,0,0,0,0,0,0,0,0,0,A,,,20211023005155,
300,20211023,0,0,0,0,0,0,0,0,0,0,0,0,0,0,0,0,0,0,0,0,0,0,0,0,0,0,0,0,0,0,0,0,0,0,0,0,0,0,0,0,0,0,0,0,0,0,0,0,A,,,20211024005718,
300,20211024,0,0,0,0,0,0,0,0,0,0,0,0,0,0,0,0,0,0,0,0,0,0,0,0,0,0,0,0,0,0,0,0,0,0,0,0,0,0,0,0,0,0,0,0,0,0,0,0,A,,,20211025005052,
300,20211025,0,0,0,0,0,0,0,0,0,0,0,0,0,0,0,0,0,0,0,0,0,0,0,0,0,0,0,0,0,0,0,0,0,0,0,0,0,0,0,0,0,0,0,0,0,0,0,0,A,,,20211026005038,
300,20211026,0,0,0,0,0,0,0,0,0,0,0,0,0,0,0,0,0,0,0,0,0,0,0,0,0,0,0,0,0,0,0,0,0,0,0,0,0,0,0,0,0,0,0,0,0,0,0,0,A,,,20211027004559,
300,20211027,0,0,0,0,0,0,0,0,0,0,0,0,0,0,0,0,0,0,0,0,0,0,0,0,0,0,0,0,0,0,0,0,0,0,0,0,0,0,0,0,0,0,0,0,0,0,0,0,A,,,20211028005204,
300,20211028,0,0,0,0,0,0,0,0,0,0,0,0,0,0,0,0,0,0,0,0,0,0,0,0,0,0,0,0,0,0,0,0,0,0,0,0,0,0,0,0,0,0,0,0,0,0,0,0,A,,,20211029004419,
300,20211029,0,0,0,0,0,0,0,0,0,0,0,0,0,0,0,0,0,0,0,0,0,0,0,0,0,0,0,0,0,0,0,0,0,0,0,0,0,0,0,0,0,0,0,0,0,0,0,0,A,,,20211030004510,
300,20211030,0,0,0,0,0,0,0,0,0,0,0,0,0,0,0,0,0,0,0,0,0,0,0,0,0,0,0,0,0,0,0,0,0,0,0,0,0,0,0,0,0,0,0,0,0,0,0,0,V,,,20211031004513,
400,1,21,A,,
400,22,24,A,79,Power Outage Alarm 
400,25,48,A,,
300,20211031,0,0,0,0,0,0,0,0,0,0,0,0,0,0,0,0,0,0,0,0,0,0,0,0,0,0,0,0,0,0,0,0,0,0,0,0,0,0,0,0,0,0,0,0,0,0,0,0,A,,,20211101005204,
300,20211101,0,0,0,0,0,0,0,0,0,0,0,0,0,0,0,0,0,0,0,0,0,0,0,0,0,0,0,0,0,0,0,0,0,0,0,0,0,0,0,0,0,0,0,0,0,0,0,0,A,,,20211102005003,
300,20211102,0,0,0,0,0,0,0,0,0,0,0,0,0,0,0,0,0,0,0,0,0,0,0,0,0,0,0,0,0,0,0,0,.1,0,0,0,0,0,0,0,0,0,0,0,0,0,0,0,A,,,20211103005147,
300,20211103,0,0,0,0,0,0,0,0,0,0,0,0,0,0,0,0,0,0,0,0,0,0,0,0,0,0,0,0,0,0,0,0,0,0,0,0,0,0,0,0,0,0,0,0,0,0,0,0,A,,,20211104005612,
300,20211104,0,0,0,0,0,0,0,0,0,0,0,0,0,0,0,0,0,0,0,0,0,0,0,0,0,0,0,0,0,0,0,0,0,0,0,0,0,0,0,0,0,0,0,0,0,0,0,0,A,,,20211105004446,
300,20211105,0,0,0,0,0,0,0,0,0,0,0,0,0,0,0,0,0,0,0,0,0,0,0,0,0,0,0,0,0,0,0,0,0,0,0,0,0,0,0,0,0,0,0,0,0,0,0,0,A,,,20211106004820,
300,20211106,0,0,0,0,0,0,0,0,0,0,0,0,0,0,0,0,0,0,0,0,0,0,0,0,0,0,0,0,0,0,0,0,0,0,0,0,0,0,0,0,0,0,0,0,0,0,0,0,A,,,20211107004723,
300,20211107,0,0,0,0,0,0,0,0,0,0,0,0,0,0,0,0,0,0,0,0,0,0,0,0,0,0,0,0,0,0,0,0,0,0,0,0,0,0,0,0,0,0,0,0,0,0,0,0,A,,,20211108004652,
300,20211108,0,0,0,0,0,0,0,0,0,0,0,0,0,0,0,0,0,0,0,0,0,0,0,0,0,0,0,0,0,0,0,0,0,0,0,0,0,0,0,0,0,0,0,0,0,0,0,0,A,,,20211109005011,
300,20211109,0,0,0,0,0,0,0,0,0,0,0,0,0,0,0,0,0,0,0,0,0,0,0,0,0,0,0,0,0,0,0,0,0,0,0,0,0,0,0,0,0,0,0,0,0,0,0,0,A,,,20211110005039,
300,20211110,0,0,0,0,0,0,0,0,0,0,0,0,0,0,0,0,0,0,0,0,0,0,0,0,0,0,0,0,0,0,0,0,0,0,0,0,0,0,0,0,0,0,0,0,0,0,0,0,A,,,20211111004136,
300,20211111,0,0,0,0,0,0,0,0,0,0,0,0,0,0,0,0,0,0,0,0,0,0,0,0,0,0,0,0,0,0,0,0,0,0,0,0,0,0,0,0,0,0,0,0,0,0,0,0,A,,,20211112005125,
300,20211112,0,0,0,0,0,0,0,0,0,0,0,0,0,0,0,0,0,0,0,0,0,0,0,0,0,0,0,0,0,.2,0,0,0,0,0,0,0,0,0,0,0,0,0,0,0,0,0,0,A,,,20211113004706,
300,20211113,0,0,0,0,0,0,0,0,0,0,0,0,0,0,0,0,0,0,0,0,0,0,0,0,0,0,0,0,0,0,0,0,0,0,0,0,0,0,0,0,0,0,0,0,0,0,0,0,A,,,20211114005020,
300,20211114,0,0,0,0,0,0,0,0,0,0,0,0,0,0,0,0,0,0,0,0,0,0,0,0,0,0,0,0,0,0,0,0,0,0,0,0,0,0,0,0,0,0,0,0,0,0,0,0,A,,,20211115004905,
300,20211115,0,0,0,0,0,0,0,0,0,0,0,0,0,0,0,0,0,0,0,0,0,0,0,0,0,0,0,0,0,0,0,0,0,0,0,0,0,0,0,0,0,0,0,0,0,0,0,0,A,,,20211116005641,
300,20211116,0,0,0,0,0,0,0,0,0,0,0,0,0,0,0,0,0,0,0,0,0,0,0,0,0,0,0,0,0,0,0,0,0,0,0,0,0,0,0,0,0,0,0,0,0,0,0,0,A,,,20211117004937,
300,20211117,0,0,0,0,0,0,0,0,0,0,0,0,0,0,0,0,0,0,0,0,0,0,0,0,0,0,0,0,0,0,0,0,0,0,0,0,0,0,0,0,0,0,0,0,0,0,0,0,A,,,20211118005215,
300,20211118,0,0,0,0,0,0,0,0,0,0,0,0,0,0,0,0,0,0,0,0,0,0,0,0,0,0,0,0,0,0,0,0,0,0,0,0,0,0,0,0,0,0,0,0,0,0,0,0,A,,,20211119004142,
300,20211119,0,0,0,0,0,0,0,0,0,0,0,0,0,0,0,0,0,0,0,0,0,0,0,0,0,0,0,0,0,0,0,0,0,0,0,0,0,0,0,0,0,0,0,0,0,0,0,0,A,,,20211120005119,
300,20211120,0,0,0,0,0,0,0,0,0,0,0,0,0,0,0,0,0,0,0,0,0,0,0,0,0,0,0,0,0,0,0,0,0,0,0,0,0,0,0,0,0,0,0,0,0,0,0,0,A,,,20211121005104,
300,20211121,0,0,0,0,0,0,0,0,0,0,0,0,0,0,0,0,0,0,0,0,0,0,0,0,0,0,0,0,0,0,0,0,0,0,0,0,0,0,0,0,0,0,0,0,0,0,0,0,A,,,20211122004635,
900
